[
    {
        "hostInfo": "FK Tuapse",
        "guestInfo": "FK Druzhba Maikop",
        "gameName": "FK Tuapse v FK Druzhba Maikop",
        "gameHash": "L1-1-5-52503218-2-737_33_0",
        "gameLink": "https://www.bet365.com/#/IP/EV15525032182C1"
    },
    {
        "hostInfo": "Swansea Sub-23",
        "guestInfo": "Cardiff Sub-23",
        "gameName": "Swansea Sub-23 v Cardiff Sub-23",
        "gameHash": "L1-1-5-52502666-2-737_33_0",
        "gameLink": "https://www.bet365.com/#/IP/EV15525026662C1"
    },
    {
        "hostInfo": "Watford Sub-23",
        "guestInfo": "Colchester Sub-23",
        "gameName": "Watford Sub-23 v Colchester Sub-23",
        "gameHash": "L1-1-5-52502688-2-737_33_0",
        "gameLink": "https://www.bet365.com/#/IP/EV15525026882C1"
    },
    {
        "hostInfo": "Chelsea Sub-23",
        "guestInfo": "West Ham Sub-23",
        "gameName": "Chelsea Sub-23 v West Ham Sub-23",
        "gameHash": "L1-1-5-52502665-2-737_33_0",
        "gameLink": "https://www.bet365.com/#/IP/EV15525026652C1"
    },
    {
        "hostInfo": "West Brom Sub-23",
        "guestInfo": "Aston Villa Sub-23",
        "gameName": "West Brom Sub-23 v Aston Villa Sub-23",
        "gameHash": "L1-1-5-52502680-2-737_33_0",
        "gameLink": "https://www.bet365.com/#/IP/EV15525026802C1"
    },
    {
        "hostInfo": "FC Nordsjaelland - Reservas",
        "guestInfo": "Lyngby Reserves",
        "gameName": "FC Nordsjaelland - Reservas v Lyngby Reserves",
        "gameHash": "L1-1-5-52502583-2-737_33_0",
        "gameLink": "https://www.bet365.com/#/IP/EV15525025832C1"
    },
    {
        "hostInfo": "Namungo FC",
        "guestInfo": "Polisi Tanzania FC",
        "gameName": "Namungo FC v Polisi Tanzania FC",
        "gameHash": "L1-1-5-52503496-2-737_33_0",
        "gameLink": "https://www.bet365.com/#/IP/EV15525034962C1"
    },
    {
        "hostInfo": "Bayer Leverkusen (Sima) Esports",
        "guestInfo": "Lazio (Quavo) Esports",
        "gameName": "Bayer Leverkusen (Sima) Esports v Lazio (Quavo) Esports",
        "gameHash": "L1-1-5-52529211-2-737_33_0",
        "gameLink": "https://www.bet365.com/#/IP/EV15525292112C1"
    },
    {
        "hostInfo": "Inter Milan (Unknown) Esports",
        "guestInfo": "Man Utd (Oliver) Esports",
        "gameName": "Inter Milan (Unknown) Esports v Man Utd (Oliver) Esports",
        "gameHash": "L1-1-5-52529214-2-737_33_0",
        "gameLink": "https://www.bet365.com/#/IP/EV15525292142C1"
    },
    {
        "hostInfo": "PSG (Boulevard_Prospect) Esports",
        "guestInfo": "Man City (slezaintima) Esports",
        "gameName": "PSG (Boulevard_Prospect) Esports v Man City (slezaintima) Esports",
        "gameHash": "L1-1-5-52527762-2-737_33_0",
        "gameLink": "https://www.bet365.com/#/IP/EV15525277622C1"
    },
    {
        "hostInfo": "Real Madrid (LaikingDast) Esports",
        "guestInfo": "Liverpool (nikkitta) Esports",
        "gameName": "Real Madrid (LaikingDast) Esports v Liverpool (nikkitta) Esports",
        "gameHash": "L1-1-5-52527764-2-737_33_0",
        "gameLink": "https://www.bet365.com/#/IP/EV15525277642C1"
    },
    {
        "hostInfo": "France (orlovsky1) Esports",
        "guestInfo": "Netherlands (Upcake22) Esports",
        "gameName": "France (orlovsky1) Esports v Netherlands (Upcake22) Esports",
        "gameHash": "L1-1-5-52527888-2-737_33_0",
        "gameLink": "https://www.bet365.com/#/IP/EV15525278882C1"
    },
    {
        "hostInfo": "Italy (white_boy1927) Esports",
        "guestInfo": "Brazil (Sane4ek8) Esports",
        "gameName": "Italy (white_boy1927) Esports v Brazil (Sane4ek8) Esports",
        "gameHash": "L1-1-5-52527891-2-737_33_0",
        "gameLink": "https://www.bet365.com/#/IP/EV15525278912C1"
    }
]