[
    {
        "_id": "767302",
        "endedHT": false,
        "endedFT": false,
        "hasDetails": true,
        "MatchIDBet365": "92410137",
        "lastSyncTime": "2020-09-14T13:20:16.675Z",
        "time": "20",
        "liga": "Tanzania Premier League",
        "homeTeam": "Namungo FC",
        "homeGoals": "0",
        "homeCorners": "0",
        "awayTeam": "Polisi Tanzania FC",
        "awayGoals": "0",
        "awayCorners": "3",
        "link": "https://www.bet365.com/#/IP/EV15525034962C1",
        "events": [
            {
                "t": "d",
                "c": "20' - Race to 3 Corners - Polisi Tanzania FC"
            },
            {
                "t": "gc",
                "c": "20' - 3rd Corner - Polisi Tanzania FC"
            },
            {
                "t": "gyc",
                "c": "16' - 1st Yellow Card -  (Polisi Tanzania FC)"
            },
            {
                "t": "gc",
                "c": "6' - 2nd Corner - Polisi Tanzania FC"
            },
            {
                "t": "gc",
                "c": "5' - 1st Corner - Polisi Tanzania FC"
            },
            {
                "t": "cd",
                "c": "Pitch: GOOD"
            },
            {
                "t": "tq",
                "c": "Weather: GOOD"
            }
        ],
        "odds": {
            "hrf": -0.25,
            "hrfsp": "2.050",
            "grfsp": "1.675",
            "rft": "0",
            "rf": [
                {
                    "hrf": -0.25,
                    "hrfsp": "2.050",
                    "grfsp": "1.675",
                    "rft": "0",
                    "ps": "1110"
                },
                {
                    "hrf": "0.0",
                    "hrfsp": "1.750",
                    "grfsp": "2.050",
                    "rft": "0",
                    "ps": "258"
                },
                {
                    "hrf": -0.25,
                    "hrfsp": "2.075",
                    "grfsp": "1.725",
                    "rft": "0",
                    "ps": "0"
                },
                {
                    "hrf": "0.0",
                    "hrfsp": "1.700",
                    "grfsp": "2.100",
                    "rft": "100",
                    "ps": "0"
                }
            ],
            "hdx": "1.75",
            "hdxsp": "1.975",
            "gdxsp": "1.825",
            "dxt": "2",
            "dx": [
                {
                    "hdx": "1.75",
                    "hdxsp": "1.975",
                    "gdxsp": "1.825",
                    "dxt": "2",
                    "ps": "1235"
                },
                {
                    "hdx": "1.75",
                    "hdxsp": "1.950",
                    "gdxsp": "1.850",
                    "dxt": "2",
                    "ps": "1161"
                },
                {
                    "hdx": "1.75",
                    "hdxsp": "1.925",
                    "gdxsp": "1.875",
                    "dxt": "2",
                    "ps": "1136"
                },
                {
                    "hdx": "1.75",
                    "hdxsp": "1.900",
                    "gdxsp": "1.900",
                    "dxt": "2",
                    "ps": "1077"
                },
                {
                    "hdx": "1.75",
                    "hdxsp": "1.875",
                    "gdxsp": "1.925",
                    "dxt": "2",
                    "ps": "1051"
                }
            ]
        }
    },
    {
        "_id": "767126",
        "endedHT": false,
        "endedFT": false,
        "hasDetails": true,
        "MatchIDBet365": "92410137",
        "lastSyncTime": "2020-09-14T13:20:16.675Z",
        "time": "15",
        "liga": "Russia Division 2",
        "homeTeam": "FK Tuapse",
        "homeGoals": "0",
        "homeCorners": "1",
        "awayTeam": "FK Druzhba Maikop",
        "awayGoals": "1",
        "awayCorners": "1",
        "link": "https://www.bet365.com/#/IP/EV15525032182C1",
        "events": [
            {
                "t": "gg",
                "c": "13' - 1st Goal -   (FK Druzhba Maikop) "
            },
            {
                "t": "d",
                "c": "0:0 Goals 00:00 - 09:59"
            },
            {
                "t": "d",
                "c": "1:1 Corners 00:00 - 09:59"
            },
            {
                "t": "gc",
                "c": "6' - 2nd Corner - FK Druzhba Maikop"
            },
            {
                "t": "hc",
                "c": "5' - 1st Corner - FK Tuapse"
            },
            {
                "t": "cd",
                "c": "Pitch: GOOD"
            },
            {
                "t": "tq",
                "c": "Weather: GOOD"
            }
        ],
        "odds": {
            "hrf": "+0.5",
            "hrfsp": "1.825",
            "grfsp": "1.975",
            "rft": "-1",
            "rf": [
                {
                    "hrf": "+0.5",
                    "hrfsp": "1.825",
                    "grfsp": "1.975",
                    "rft": "-1",
                    "ps": "933"
                },
                {
                    "hrf": "+0.5",
                    "hrfsp": "1.850",
                    "grfsp": "1.950",
                    "rft": "0",
                    "ps": "833"
                },
                {
                    "hrf": "+0.75",
                    "hrfsp": "1.750",
                    "grfsp": "1.950",
                    "rft": "0",
                    "ps": "778"
                },
                {
                    "hrf": "+1.5",
                    "hrfsp": "1.800",
                    "grfsp": "2.000",
                    "rft": "0",
                    "ps": "747"
                },
                {
                    "hrf": null,
                    "hrfsp": null,
                    "grfsp": null,
                    "rft": "100",
                    "ps": "734"
                }
            ],
            "hdx": "3.5",
            "hdxsp": "1.950",
            "gdxsp": "1.850",
            "dxt": "2",
            "dx": [
                {
                    "hdx": "3.5",
                    "hdxsp": "1.950",
                    "gdxsp": "1.850",
                    "dxt": "2",
                    "ps": "859"
                },
                {
                    "hdx": "3.5",
                    "hdxsp": "1.925",
                    "gdxsp": "1.875",
                    "dxt": "2",
                    "ps": "843"
                },
                {
                    "hdx": "3.5",
                    "hdxsp": "1.900",
                    "gdxsp": "1.900",
                    "dxt": "2",
                    "ps": "833"
                },
                {
                    "hdx": "3.5",
                    "hdxsp": "1.825",
                    "gdxsp": "1.975",
                    "dxt": "2",
                    "ps": "806"
                },
                {
                    "hdx": "3.5",
                    "hdxsp": "1.800",
                    "gdxsp": "2.000",
                    "dxt": "0",
                    "ps": "787"
                }
            ]
        }
    }
]